NO,latitude,longitude,NAMA,KALURAHAN,KAPANEWON,DPD,KATEGORI,JENIS WISATA,JENIS WISATA FINAL,compile,Kabupaten
1,-7.932859,110.2550311,*Desa Wisata Lopati,Trimurti,Srandakan,DPD - Segoro Kidul,Wisata Berkembang,Desa Wisata,Desa Wisata,Desa Wisata,Bantul
2,-7.918691,110.444271,Desa Wisata Bambun Karangasem,Muntuk,Dlingo,DPD - Songgo Langit,Wisata Maju,Desa Wisata,Desa Wisata,Desa Wisata,Bantul
3,-7.8901345,110.467237,Desa Wisata Banyu Nibo Rejosari,Terong,Dlingo,DPD - Songgo Langit,Wisata Berkembang,Desa Wisata,Desa Wisata,Desa Wisata,Bantul
4,-7.823339,110.411794,Desa Wisata Baturetno,Baturetno,Banguntapan,DPD - Songgo Negoro,Wisata Maju,Desa Wisata,Desa Wisata,Desa Wisata,Bantul
5,-7.908846,110.379664,Desa Wisata Bendo,Wukirsari,Imogiri,DPD - Songgo Langit,Wisata Maju,Desa Wisata,Desa Wisata,Desa Wisata,Bantul
6,-7.8887788,110.4132156,Desa Wisata Bumi Mataram Pleret,Pleret,Pleret,DPD - Songgo Langit,Wisata Maju,Desa Wisata,Desa Wisata,Desa Wisata,Bantul
7,-7.924878,110.372328,Desa Wisata Candran,Kebon Agung,Imogiri,DPD - Songgo Langit,Wisata Maju,Desa Wisata,Desa Wisata,Desa Wisata,Bantul
8,-7.90179,110.280471,Desa Wisata Carakan,Wijirejo,Pandak,DPD - Pangeran Diponegoro,Wisata Maju,Desa Wisata,Desa Wisata,Desa Wisata,Bantul
9,-7.8794207,110.3922042,Desa Wisata Dewa Batu,Trimulyo,Jetis,DPD - Pancer Bumi,Wisata Maju,Desa Wisata,Desa Wisata,Desa Wisata,Bantul
10,-7.8262989,110.4830309,Desa Wisata Dewi Mulia,Srimulyo,Piyungan,DPD - Songgo Langit,Wisata Maju,Desa Wisata,Desa Wisata,Desa Wisata,Bantul
11,-7.944808,110.440293,Desa Wisata Goa Gajah,Mangunan,Dlingo,DPD - Songgo Langit,Wisata Maju,Desa Wisata,Desa Wisata,Desa Wisata,Bantul
12,-7.901786,110.438746,Desa Wisata Gunung Cilik,Muntuk,Dlingo,DPD - Songgo Langit,Wisata Maju,Desa Wisata,Desa Wisata,Desa Wisata,Bantul
13,-7.8686681,110.3223108,Desa Wisata Gunung Mijil,Guwosari,Pajangan,DPD - Pangeran Diponegoro,Wisata Maju,Desa Wisata,Desa Wisata,Desa Wisata,Bantul
14,-7.9174005,110.3803005,Desa Wisata Imogiri,Imogiri,Imogiri,DPD - Songgo Langit,Wisata Maju,Desa Wisata,Desa Wisata,Desa Wisata,Bantul
15,-7.8302842,110.3878771,Desa Wisata Jagalan ,Jagalan,Banguntapan,DPD - Songgo Negoro,Wisata Maju,Desa Wisata,Desa Wisata,Desa Wisata,Bantul
16,-7.943192,110.363288,Desa Wisata Jamu Kiringan,Canden,Jetis,DPD - Pancer Bumi,Wisata Maju,Desa Wisata,Desa Wisata,Desa Wisata,Bantul
17,-7.854624,110.32732,Desa Wisata Jipangan,Bangunjiwo,Kasihan,DPD - Songgo Negoro,Wisata Maju,Desa Wisata,Desa Wisata,Desa Wisata,Bantul
18,-7.8711134,110.3367638,Desa Wisata Juron,Pendowoharjo,Sewon,DPD - Songgo Negoro,Wisata Maju,Desa Wisata,Desa Wisata,Desa Wisata,Bantul
19,-7.896897818,110.3101584,Desa Wisata Kadisoro Nyawiji Dadi Siji,Gilangharjo,Pandak,DPD - Pangeran Diponegoro,Wisata Maju,Desa Wisata,Desa Wisata,Desa Wisata,Bantul
20,-7.8421111,110.3224476,Desa Wisata Kaji Gelem,Bangunjiwo,Kasihan,DPD - Songgo Negoro,Wisata Maju,Desa Wisata,Desa Wisata,Desa Wisata,Bantul
21,-7.931926,110.42201,Desa Wisata Kaki Langit Mangunan,Mangunan,Dlingo,DPD - Songgo Langit,Wisata Maju,Desa Wisata,Desa Wisata,Desa Wisata,Bantul
22,-7.88769175,110.3017244,Desa Wisata Kalakijo,Guwosari,Pajangan,DPD - Pangeran Diponegoro,Wisata Maju,Desa Wisata,Desa Wisata,Desa Wisata,Bantul
23,-7.892947,110.302552,Desa Wisata Kampung Santan,Guwosari,Pajangan,DPD - Pangeran Diponegoro,Wisata Berkembang,Desa Wisata,Desa Wisata,Desa Wisata,Bantul
24,-7.9940475,110.3267348,Desa Wisata Kampung Surocolo,Seloharjo,Pundong,DPD - Pancer Bumi,Wisata Maju,Desa Wisata,Desa Wisata,Desa Wisata,Bantul
25,-7.937666,110.38194,Desa Wisata Karangtengah,Karangtengah,Imogiri,DPD - Songgo Langit,Wisata Maju,Desa Wisata,Desa Wisata,Desa Wisata,Bantul
26,"-7,846,718",110.344213,Desa Wisata Kasongan,Bangunjiwo,Kasihan,DPD - Songgo Negoro,Wisata Maju,Desa Wisata,Desa Wisata,Desa Wisata,Bantul
27,-7.932482,110.368462,Desa Wisata Kebonagung,Kebon Agung,Imogiri,DPD - Songgo Langit,Wisata Maju,Desa Wisata,Desa Wisata,Desa Wisata,Bantul
28,-7.9712162,110.2866294,Desa Wisata Kergan Kampung Gurami,Tirtomulyo,Kretek,DPD - Segoro Kidul,Wisata Maju,Desa Wisata,Desa Wisata,Desa Wisata,Bantul
29,-7.859236,110.299669,Desa Wisata Krebet: Batik Kayu,Sendangsari,Pajangan,DPD - Pangeran Diponegoro,Wisata Maju,Desa Wisata,Desa Wisata,Desa Wisata,Bantul
30,-8.01057,110.292861,Desa Wisata Laguna Depok,Parangtritis,Kretek,DPD - Segoro Kidul,Wisata Maju,Desa Wisata,Desa Wisata,Desa Wisata,Bantul
31,-7.8940157,110.3518413,Desa Wisata Manding,Sabdodadi,Bantul,DPD - Pancer Bumi,Wisata Maju,Desa Wisata,Desa Wisata,Desa Wisata,Bantul
32,-7.905761,110.279393,Desa Wisata Mangir Wonoboyo,Sendangsari,Pajangan,DPD - Pangeran Diponegoro,Wisata Maju,Desa Wisata,Desa Wisata,Desa Wisata,Bantul
33,-8.008072,110.283203,Desa Wisata Mangrove Tirtohargo,Tirtohargo,Kretek,DPD - Segoro Kidul,Wisata Maju,Desa Wisata,Desa Wisata,Desa Wisata,Bantul
34,-7.9498335,110.316482,Desa Wisata Mulyodadi,Mulyodadi,Bambanglipuro,DPD - Pancer Bumi,Wisata Maju,Desa Wisata,Desa Wisata,Desa Wisata,Bantul
35,-7.9177698,110.3246085,Desa Wisata Ngringinan,Palbapang,Bantul,DPD - Pancer Bumi,Wisata Maju,Desa Wisata,Desa Wisata,Desa Wisata,Bantul
36,-7.9635713,110.3328542,Desa Wisata Panjangrejo,Panjangrejo,Pundong,DPD - Pancer Bumi,Wisata Maju,Desa Wisata,Desa Wisata,Desa Wisata,Bantul
37,-7.995996,110.246658,Desa Wisata Patihan Goa Cemara,Gadingsari,Sanden,DPD - Segoro Kidul,Wisata Maju,Desa Wisata,Desa Wisata,Desa Wisata,Bantul
38,-7.9019877,110.4182712,Desa Wisata Pucungrejo,Wukirsari,Imogiri,DPD - Songgo Langit,Wisata Maju,Desa Wisata,Desa Wisata,Desa Wisata,Bantul
39,-7.904539,110.381283,Desa Wisata Puton (Desa Wisata Watu Ngelak),Trimulyo,Jetis,DPD - Pancer Bumi,Wisata Maju,Desa Wisata,Desa Wisata,Desa Wisata,Bantul
40,-7.9310984,110.4287303,Desa Wisata Songgo Langit,Mangunan,Dlingo,DPD - Songgo Langit,Wisata Maju,Desa Wisata,Desa Wisata,Desa Wisata,Bantul
41,-7.945277,110.417527,Desa Wisata Sri Keminut,Sriharjo,Imogiri,DPD - Songgo Langit,Wisata Maju,Desa Wisata,Desa Wisata,Desa Wisata,Bantul
42,-7.906036,110.3441862,Desa Wisata Tapak Tilas Sultan Agung,Mangunan,Dlingo,DPD - Songgo Langit,Wisata Maju,Desa Wisata,Desa Wisata,Desa Wisata,Bantul
43,-7.872552,110.354697,Desa Wisata Tembi,Timbulharjo,Sewon,DPD - Songgo Negoro,Wisata Maju,Desa Wisata,Desa Wisata,Desa Wisata,Bantul
44,-7.889843,110.387476,Desa Wisata Trimulyo,Trimulyo,Jetis,DPD - Pancer Bumi,Wisata Maju,Desa Wisata,Desa Wisata,Desa Wisata,Bantul
45,-8.0006895,110.2445813,Desa Wisata Wonoroto Pandansari,Gadingsari,Sanden,DPD - Segoro Kidul,Wisata Maju,Desa Wisata,Desa Wisata,Desa Wisata,Bantul
46,-7.886061,110.292264,Sendang Ngembel/Desa Wisata Ngembel,Sendangsari,Pajangan,DPD - Pangeran Diponegoro,Wisata Berkembang,Desa Wisata,Desa Wisata,Desa Wisata,Bantul
47,-7.905407,110.408879,Wisata Wayang Desa Wisata Wukirsari,Karangtalun,Imogiri,DPD - Songgo Langit,Wisata Maju,Desa Wisata,Desa Wisata,Desa Wisata,Bantul
48,-7.917927,110.489354,*Air Terjun Randusari,Jatimulyo,Dlingo,DPD - Songgo Langit,Wisata Potensial,Wisata Alam,Wisata Alam,Wisata Alam,Bantul
49,-7.918146,110.407399,*Air Terjun Sewu Watu,Wukirsari,Imogiri,DPD - Songgo Langit,Wisata Potensial,Wisata Alam,Wisata Alam,Wisata Alam,Bantul
50,-7.906525,110.439559,*Alas Literasi Banjarharjo,Muntuk,Dlingo,DPD - Songgo Langit,Wisata Potensial,Wisata Alam,Wisata Alam,Wisata Alam,Bantul
51,-7.903383,110.457207,Air Terjun Banyu Nibo,Muntuk,Dlingo,DPD - Songgo Langit,Wisata Potensial,Wisata Alam,Wisata Alam,Wisata Alam,Bantul
52,-7.867627,110.286749,Air Terjun Curug Banyu Nibo,Sendangsari,Pajangan,DPD - Pangeran Diponegoro,Wisata Potensial,Wisata Alam,Wisata Alam,Wisata Alam,Bantul
53,-7.859515,110.455076,Air Terjun Kali Bulan,Srimulyo,Piyungan,DPD - Songgo Langit,Wisata Potensial,Wisata Alam,Wisata Alam,Wisata Alam,Bantul
54,-7.990642,110.34232,Air Terjun Pucung,Seloharjo,Pundong,DPD - Pancer Bumi,Wisata Potensial,Wisata Alam,Wisata Alam,Wisata Alam,Bantul
55,-7.87973,110.391993,Blawong I Riverside Tubing  (Dewa Batu),Trimulyo,Jetis,DPD - Pancer Bumi,Wisata Berkembang,Wisata Alam,Wisata Alam,Wisata Alam,Bantul
56,-7.925703,110.403211,Bukit Bego,Wukirsari,Imogiri,DPD - Songgo Langit,Wisata Maju,Wisata Alam,Wisata Alam,Wisata Alam,Bantul
57,-7.845823,110.479843,Bukit Bintang Hargodumilah,Srimulyo,Piyungan,DPD - Songgo Langit,Wisata Berkembang,Wisata Alam,Wisata Alam,Wisata Alam,Bantul
58,-7.959933,110.4048,Bukit Dermo,Selopamioro,Imogiri,DPD - Songgo Langit,Wisata Maju,Wisata Alam,Wisata Alam,Wisata Alam,Bantul
59,-7.9158,110.436642,Bukit Lintang Sewu,Muntuk,Dlingo,DPD - Songgo Langit,Wisata Maju,Wisata Alam,Wisata Alam,Wisata Alam,Bantul
60,-7.95598,110.434108,Bukit Mojo Gumelem,Mangunan,Dlingo,DPD - Songgo Langit,Wisata Potensial,Wisata Alam,Wisata Alam,Wisata Alam,Bantul
61,-7960004,110.44097,Bukit Panguk Kediwung,Mangunan,Dlingo,DPD - Songgo Langit,Wisata Maju,Wisata Alam,Wisata Alam,Wisata Alam,Bantul
62,-7.940091,110.430181,Dempak Indah,Mangunan,Dlingo,DPD - Songgo Langit,Wisata Potensial,Wisata Alam,Wisata Alam,Wisata Alam,Bantul
63,-7.943668,110.44404,Ekowisata Jatisari,Muntuk,Dlingo,DPD - Songgo Langit,Wisata Potensial,Wisata Alam,Wisata Alam,Wisata Alam,Bantul
64,-7.833912,110.451988,Gerbang Banyu Langit,Srimulyo,Piyungan,DPD - Songgo Langit,Wisata Maju,Wisata Alam,Wisata Alam,Wisata Alam,Bantul
65,-7.944808,110.440293,Goa Gajah,Mangunan,Dlingo,DPD - Songgo Langit,Wisata Potensial,Wisata Alam,Wisata Alam,Wisata Alam,Bantul
66,-7.969148,110.418834,Goa Naga,Selopamioro,Imogiri,DPD - Songgo Langit,Wisata Potensial,Wisata Alam,Wisata Alam,Wisata Alam,Bantul
67,-7.834658,110.258534,Goa Payaman,Argorejo,Sedayu,DPD - Pangeran Diponegoro,Wisata Potensial,Wisata Alam,Wisata Alam,Wisata Alam,Bantul
68,-7.802653,110.413898,Goa Siluman,Banguntapan,Banguntapan,DPD - Songgo Negoro,Wisata Maju,Wisata Alam,Wisata Alam,Wisata Alam,Bantul
69,-7.949068,110.471824,Grojogan Lepo,Dlingo,Dlingo,DPD - Songgo Langit,Wisata Berkembang,Wisata Alam,Wisata Alam,Wisata Alam,Bantul
70,-7.865417,110.432197,Grojogan Tuwondo,Sitimulyo,Piyungan,DPD - Songgo Langit,Wisata Potensial,Wisata Alam,Wisata Alam,Wisata Alam,Bantul
71,-7.953371,110.424584,Grojogan Wates ,Selopamioro,Imogiri,DPD - Songgo Langit,Wisata Berkembang,Wisata Alam,Wisata Alam,Wisata Alam,Bantul
72,-7.9794413,110.3781227,Gua Cerme Selopamioro,Selopamioro,Imogiri,DPD - Songgo Langit,Wisata Maju,Wisata Alam,Wisata Alam,Wisata Alam,Bantul
73,-7.875874,110.457876,Gunung Mungker,Terong,Dlingo,DPD - Songgo Langit,Wisata Berkembang,Wisata Alam,Wisata Alam,Wisata Alam,Bantul
74,-7.823173,110.457827,Gunung Wangi,Srimulyo,Piyungan,DPD - Songgo Langit,Wisata Maju,Wisata Alam,Wisata Alam,Wisata Alam,Bantul
75,-7.871272,110.459653,Hutan Pinus Pengger,Terong,Dlingo,DPD - Songgo Langit,Wisata Maju,Wisata Alam,Wisata Alam,Wisata Alam,Bantul
76,-7.860909,110.287085,Jurang Pulosari,Sendangsari,Pajangan,DPD - Pangeran Diponegoro,Wisata Potensial,Wisata Alam,Wisata Alam,Wisata Alam,Bantul
77,-7.940294,110.429887,Jurang Tembelan,Mangunan,Dlingo,DPD - Songgo Langit,Wisata Berkembang,Wisata Alam,Wisata Alam,Wisata Alam,Bantul
78,-7.968511,110.347365,Kalinampu Natural Park,Seloharjo,Pundong,DPD - Pancer Bumi,Wisata Berkembang,Wisata Alam,Wisata Alam,Wisata Alam,Bantul
79,-7.813658,110.275247,Karst Tubing,Argomulyo,Sedayu,DPD - Pangeran Diponegoro,Wisata Maju,Wisata Alam,Wisata Alam,Wisata Alam,Bantul
80,-8.008072,110.283203,Kawasan Konservasi Mangrove Baros,Tirtohargo,Kretek,DPD - Segoro Kidul,Wisata Berkembang,Wisata Alam,Wisata Alam,Wisata Alam,Bantul
81,-8.024974,110.334779,Kawasan Wisata Parangtritis,Parangtritis,Kretek,DPD - Segoro Kidul,Wisata Maju,Wisata Alam,Wisata Alam,Wisata Alam,Bantul
82,-7.855891,110.288746,Kedung Pengilon,Bangunjiwo,Kasihan,DPD - Songgo Negoro,Wisata Berkembang,Wisata Alam,Wisata Alam,Wisata Alam,Bantul
83,-7.963251,110.384266,Kedung Tolok,Selopamioro,Imogiri,DPD - Songgo Langit,Wisata Maju,Wisata Alam,Wisata Alam,Wisata Alam,Bantul
84,-7.953371,110.424584,Lembah Oya Kedungjati,Selopamioro,Imogiri,DPD - Songgo Langit,Wisata Berkembang,Wisata Alam,Wisata Alam,Wisata Alam,Bantul
85,"-7,945,732","110,365,788",Lembah Sorory Palemadu,Sriharjo,Imogiri,DPD - Songgo Langit,Wisata Maju,Wisata Alam,Wisata Alam,Wisata Alam,Bantul
86,-7.988963,110.221061,Pantai Baru,Poncosari,Srandakan,DPD - Segoro Kidul,Wisata Maju,Wisata Alam,Wisata Alam,Wisata Alam,Bantul
87,-7.994746,110.239192,Pantai Cangkring,Poncosari,Srandakan,DPD - Segoro Kidul,Wisata Maju,Wisata Alam,Wisata Alam,Wisata Alam,Bantul
88,-7.999173,110.24894,Pantai Goa Cemara,Gadingsari,Sanden,DPD - Segoro Kidul,Wisata Maju,Wisata Alam,Wisata Alam,Wisata Alam,Bantul
89,-7.990899,110.226289,Pantai Kuwaru,Poncosari,Srandakan,DPD - Segoro Kidul,Wisata Berkembang,Wisata Alam,Wisata Alam,Wisata Alam,Bantul
90,-8.000679,110.253335,Pantai Pandansari,Gadingharjo,Sanden,DPD - Segoro Kidul,Wisata Maju,Wisata Alam,Wisata Alam,Wisata Alam,Bantul
91,-8.018036,110.308372,Pantai Pelangi,Parangtritis,Kretek,DPD - Segoro Kidul,Wisata Maju,Wisata Alam,Wisata Alam,Wisata Alam,Bantul
92,-8.00515,110.26508,Pantai Samas,Srigading,Sanden,DPD - Segoro Kidul,Wisata Maju,Wisata Alam,Wisata Alam,Wisata Alam,Bantul
93,-7.841423,110.226038,Pesona Alam Nggirli Cawan,Argodadi,Sedayu,DPD - Pangeran Diponegoro,Wisata Potensial,Wisata Alam,Wisata Alam,Wisata Alam,Bantul
94,-7.913607,110.437782,Pintu Langit Dahromo,Muntuk,Dlingo,DPD - Songgo Langit,Wisata Potensial,Wisata Alam,Wisata Alam,Wisata Alam,Bantul
95,-7.920923,110.43553,Pinus Asri Mangunan,Mangunan,Dlingo,DPD - Songgo Langit,Wisata Maju,Wisata Alam,Wisata Alam,Wisata Alam,Bantul
96,-7.926439,110.431677,Pinus Sari Mangunan,Mangunan,Dlingo,DPD - Songgo Langit,Wisata Maju,Wisata Alam,Wisata Alam,Wisata Alam,Bantul
97,-7.829757,110.256762,Polaman River Tubing,Argorejo,Sedayu,DPD - Pangeran Diponegoro,Wisata Berkembang,Wisata Alam,Wisata Alam,Wisata Alam,Bantul
98,-7.837202,110.221797,Praon Cawan,Argorejo,Sedayu,DPD - Pangeran Diponegoro,Wisata Maju,Wisata Alam,Wisata Alam,Wisata Alam,Bantul
99,-7.902037,110.437462,Puncak Becici,Muntuk,Dlingo,DPD - Songgo Langit,Wisata Maju,Wisata Alam,Wisata Alam,Wisata Alam,Bantul
100,-7.845823,110.479843,Puncak Bintang,Srimulyo,Piyungan,DPD - Songgo Langit,Wisata Berkembang,Wisata Alam,Wisata Alam,Wisata Alam,Bantul
101,-7.861834,110.443087,Puncak Bucu,Srimulyo,Piyungan,DPD - Songgo Langit,Wisata Potensial,Wisata Alam,Wisata Alam,Wisata Alam,Bantul
102,-8.002142,110.328532,Puncak Kahyangan,Seloharjo,Pundong,DPD - Pancer Bumi,Wisata Berkembang,Wisata Alam,Wisata Alam,Wisata Alam,Bantul
103,-7.871709,110.426393,Puncak Sosok,Bawuran,Pleret,DPD - Songgo Langit,Wisata Maju,Wisata Alam,Wisata Alam,Wisata Alam,Bantul
104,-7.942767,110.489098,Puncak Tri Panjung,Jatimulyo,Dlingo,DPD - Songgo Langit,Wisata Potensial,Wisata Alam,Wisata Alam,Wisata Alam,Bantul
105,"-7,830,065","110,329,398",Sendang Kasihan,Tamantirto,Kasihan,DPD - Songgo Negoro,Wisata Maju,Wisata Alam,Wisata Alam,Wisata Alam,Bantul
106,-7.8296968,110.3981003,Sendang Seliran,Jagalan,Banguntapan,DPD - Songgo Negoro,Wisata Berkembang,Wisata Alam,Wisata Alam,Wisata Alam,Bantul
107,-7.931105,110.431547,Seribu Batu Songgo Langit,Mangunan,Dlingo,DPD - Songgo Langit,Wisata Maju,Wisata Alam,Wisata Alam,Wisata Alam,Bantul
108,-7.841068,110.446882,Setren Opak,Sitimulyo,Piyungan,DPD - Songgo Langit,Wisata Maju,Wisata Alam,Wisata Alam,Wisata Alam,Bantul
109,-7.834619,110.481124,Taman Bronjong,Srimartani,Piyungan,DPD - Songgo Langit,Wisata Potensial,Wisata Alam,Wisata Alam,Wisata Alam,Bantul
110,-7.951699,110.365873,Taman Girli Indah Sriharjo,Sriharjo,Imogiri,DPD - Songgo Langit,Wisata Maju,Wisata Alam,Wisata Alam,Wisata Alam,Bantul
111,-7.877738,110.393914,Taman Glugut,Wonokromo,Pleret,DPD - Songgo Langit,Wisata Berkembang,Wisata Alam,Wisata Alam,Wisata Alam,Bantul
112,-7.830679,110.4898,Taman Ingas,Srimartani,Piyungan,DPD - Songgo Langit,Wisata Berkembang,Wisata Alam,Wisata Alam,Wisata Alam,Bantul
113,-7.953446,110.370097,Taman Kedung Asri,Sriharjo,Imogiri,DPD - Songgo Langit,Wisata Potensial,Wisata Alam,Wisata Alam,Wisata Alam,Bantul
114,-7.886437,110.389344,Taman Pelangi,Trimulyo,Jetis,DPD - Pancer Bumi,Wisata Maju,Wisata Alam,Wisata Alam,Wisata Alam,Bantul
115,-7.841222,110.449582,Taman Tempuran Cikal,Srimulyo,Piyungan,DPD - Songgo Langit,Wisata Berkembang,Wisata Alam,Wisata Alam,Wisata Alam,Bantul
116,-7.824189,110.452764,Taman Teratai Biru,Srimulyo,Piyungan,DPD - Songgo Langit,Wisata Berkembang,Wisata Alam,Wisata Alam,Wisata Alam,Bantul
117,-7.8209,110.453688,Taman Wisata Batu Kapal,Srimulyo,Piyungan,DPD - Songgo Langit,Wisata Maju,Wisata Alam,Wisata Alam,Wisata Alam,Bantul
118,7.9460002,110.4217993,Via Ferrata Selopamioro,Sriharjo,Imogiri,DPD - Songgo Langit,Wisata Maju,Wisata Alam,Wisata Alam,Wisata Alam,Bantul
119,-7.858521,110.472632,Watu Amben,Srimulyo,Piyungan,DPD - Songgo Langit,Wisata Berkembang,Wisata Alam,Wisata Alam,Wisata Alam,Bantul
120,-7.9267988,110.412341,Watu Goyang,Mangunan,Dlingo,DPD - Songgo Langit,Wisata Maju,Wisata Alam,Wisata Alam,Wisata Alam,Bantul
121,-7.937799,110.418058,Watu Lawang,Mangunan,Dlingo,DPD - Songgo Langit,Wisata Berkembang,Wisata Alam,Wisata Alam,Wisata Alam,Bantul
122,-7.9478090,110.4408800,Watu Mabur,Mangunan,Dlingo,DPD - Songgo Langit,Wisata Berkembang,Wisata Alam,Wisata Alam,Wisata Alam,Bantul
123,-7.8305192,110.3453828,Agrowisata Madukismo,Tirtonirmolo,Kasihan,DPD - Songgo Negoro,Wisata Maju,Wisata Buatan,Wisata Buatan,Wisata Budaya Dan Edukasi,Bantul
124,-7.976499,110.269281,Air Mancur Bambu,Gadingharjo,Sanden,DPD - Segoro Kidul,Wisata Potensial,Wisata Buatan,Wisata Buatan,Wisata Budaya Dan Edukasi,Bantul
125,-7.829887,110.329386,Arca Ganesha dan Arca Resi Agastya ,Tamantirto,Kasihan,DPD - Songgo Negoro,Wisata Maju,Wisata Budaya,Wisata Budaya,Wisata Budaya Dan Edukasi,Bantul
126,-7.919752,110.391387,Bale Paleraman ,Girirejo,Imogiri,DPD - Songgo Langit,Wisata Berkembang,Wisata Buatan,Wisata Buatan,Wisata Budaya Dan Edukasi,Bantul
127,-7.843526,110.410485,Balong Water Park,Potorono,Banguntapan,DPD - Songgo Negoro,Wisata Maju,Wisata Buatan,Wisata Buatan,Wisata Budaya Dan Edukasi,Bantul
128,-7.927938,110.322688,Bangunan Cagar Budaya Pasar Gatak,Sumbermulyo,Bambanglipuro,DPD - Pancer Bumi,Wisata Maju,Wisata Budaya,Wisata Budaya,Wisata Budaya Dan Edukasi,Bantul
129,-7.98162,110.28644,Bangunan Cagar Budaya Pasar Sangkeh,Srigading,Sanden,DPD - Segoro Kidul,Wisata Potensial,Wisata Budaya,Wisata Budaya,Wisata Budaya Dan Edukasi,Bantul
130,-7.8293344,110.3956572,Bangunan Cagar Budaya Rumah Tradisional Milik UGM,Jagalan,Banguntapan,DPD - Songgo Negoro,Wisata Maju,Wisata Budaya,Wisata Budaya,Wisata Budaya Dan Edukasi,Bantul
131,-7.924873,110.2188332,Batik Bambu,Triharjo,Pandak,DPD - Pangeran Diponegoro,Wisata Potensial,Wisata Budaya,Wisata Budaya,Wisata Budaya Dan Edukasi,Bantul
132,-7.834528,110.43992,Bekas Kantor Sinder Tebu Madugondo,Sitimulyo,Piyungan,DPD - Songgo Langit,Wisata Berkembang,Wisata Budaya,Wisata Budaya,Wisata Budaya Dan Edukasi,Bantul
133,-8.011251,110.321403,Bnagunan Cagar Budaya Rumah Singgah Gerilya Jenderal Sudirman,Parangtritis,Kretek,DPD - Segoro Kidul,Wisata Potensial,Wisata Budaya,Wisata Budaya,Wisata Budaya Dan Edukasi,Bantul
134,-7.835653,110.437245,Candi Gampingan ,Sitimulyo,Piyungan,DPD - Songgo Langit,Wisata Maju,Wisata Budaya,Wisata Budaya,Wisata Budaya Dan Edukasi,Bantul
135,-7.840715,110.298701,Chocolate Monggo Museum New Factory Store ,Bangunjiwo,Kasihan,DPD - Songgo Negoro,Wisata Maju,Wisata Buatan,Wisata Buatan,Wisata Budaya Dan Edukasi,Bantul
136,-7.892184,110.27646,Dam Makam Bulan,Sendangsari,Pajangan,DPD - Pangeran Diponegoro,Wisata Potensial,Wisata Budaya,Wisata Budaya,Wisata Budaya Dan Edukasi,Bantul
137,-7.866446,110.322267,Edum Park,Bantul,Bantul,DPD - Pancer Bumi,Wisata Maju,Wisata Buatan,Wisata Buatan,Wisata Budaya Dan Edukasi,Bantul
138,-7.8159243,110.4136866,Galaxy Water Park,Baturetno,Banguntapan,DPD - Songgo Negoro,Wisata Berkembang,Wisata Buatan,Wisata Buatan,Wisata Budaya Dan Edukasi,Bantul
139,-7.974902,110.327413,"Gerabah Tradisional Panjangrejo ""Buang Mandiri""",Panjangrejo,Pundong,DPD - Pancer Bumi,Wisata Berkembang,Wisata Budaya,Wisata Budaya,Wisata Budaya Dan Edukasi,Bantul
140,-7.92645,110.31913,Gereja Hati Kudus Tuhan Yesus,Sumbermulyo,Bambanglipuro,DPD - Pancer Bumi,Wisata Maju,Wisata Budaya,Wisata Budaya,Wisata Budaya Dan Edukasi,Bantul
141,-8.000992,110.328208,Goa Jepang ,Seloharjo,Pundong,DPD - Pancer Bumi,Wisata Maju,Wisata Budaya,Wisata Budaya,Wisata Budaya Dan Edukasi,Bantul
142,-7.863438,110.316206,Goa Selarong ,Guwosari,Pajangan,DPD - Pangeran Diponegoro,Wisata Maju,Wisata Budaya,Wisata Budaya,Wisata Budaya Dan Edukasi,Bantul
143,-7.877754,110.352088,Grand Puri Water Park,Timbulharjo,Sewon,DPD - Songgo Negoro,Wisata Berkembang,Wisata Buatan,Wisata Buatan,Wisata Budaya Dan Edukasi,Bantul
144,-7.840395,110.348579,Jembatan Kereta Api Winongo,Tirtonirmolo,Kasihan,DPD - Songgo Negoro,Wisata Potensial,Wisata Buatan,Wisata Buatan,Wisata Budaya Dan Edukasi,Bantul
145,-7.829729,110.338628,Jembatan Kretek Tirtonirmolo,Tirtonirmolo,Kasihan,DPD - Songgo Negoro,Wisata Potensial,Wisata Buatan,Wisata Buatan,Wisata Budaya Dan Edukasi,Bantul
146,-7.910193,110.353728,Jogja Anggur,Patalan,Jetis,DPD - Pancer Bumi,Wisata Maju,Wisata Buatan,Wisata Buatan,Wisata Budaya Dan Edukasi,Bantul
147,-7.803419,110.27667,Jogja Youth Farming,Argomulyo,Sedayu,DPD - Pangeran Diponegoro,Wisata Maju,Wisata Buatan,Wisata Buatan,Wisata Budaya Dan Edukasi,Bantul
148,-7.7982127,110.417881,Jupiter PaintBall,Banguntapan,Banguntapan,DPD - Songgo Negoro,Wisata Berkembang,Wisata Buatan,Wisata Buatan,Wisata Budaya Dan Edukasi,Bantul
149,-7.836478,110.361935,Kampoeng Mataraman,Panggungharjo,Sewon,DPD - Songgo Negoro,Wisata Maju,Wisata Buatan,Wisata Buatan,Wisata Budaya Dan Edukasi,Bantul
150,-7.928868,110.325205,Kampung Anggur Plumbungan Sumbermulyo,Sumbermulyo,Bambanglipuro,DPD - Pancer Bumi,Wisata Maju,Wisata Buatan,Wisata Buatan,Wisata Budaya Dan Edukasi,Bantul
151,-7.8282905,110.3969674,Kawasan Cagar Budaya Jagalan,Jagalan,Banguntapan,DPD - Songgo Negoro,Wisata Berkembang,Wisata Budaya,Wisata Budaya,Wisata Budaya Dan Edukasi,Bantul
152,-7.821882,110.254255,Kebun Buah Langka Sedayu,Argorejo,Sedayu,DPD - Pangeran Diponegoro,Wisata Potensial,Wisata Buatan,Wisata Buatan,Wisata Budaya Dan Edukasi,Bantul
153,-7.938244,110.427786,Kebun Buah Mangunan,Mangunan,Dlingo,DPD - Songgo Langit,Wisata Maju,Wisata Buatan,Wisata Buatan,Wisata Budaya Dan Edukasi,Bantul
154,-7.80288,110.42047,Kerajinan Gamelan Kuningan Daliyo Legiyono,Baturetno,Banguntapan,DPD - Songgo Negoro,Wisata Maju,Wisata Budaya,Wisata Budaya,Wisata Budaya Dan Edukasi,Bantul
155,-7.827878,110.441319,Kids Fun Park,Sitimulyo,Piyungan,DPD - Songgo Langit,Wisata Maju,Wisata Buatan,Wisata Buatan,Wisata Budaya Dan Edukasi,Bantul
156,-7.916588,110.406349,Komplek Makam Giriloyo,Wukirsari,Imogiri,DPD - Songgo Langit,Wisata Maju,Wisata Budaya,Wisata Budaya,Wisata Budaya Dan Edukasi,Bantul
157,-7.920412,110.39581,Komplek Makam Raja-Raja Imogiri,Wukirsari,Imogiri,DPD - Songgo Langit,Wisata Maju,Wisata Budaya,Wisata Budaya,Wisata Budaya Dan Edukasi,Bantul
158,-7.865777,110.41787,Kompleks Makam Ratu Malang dan Sendangmoyo,Pleret,Pleret,DPD - Songgo Langit,Wisata Maju,Wisata Budaya,Wisata Budaya,Wisata Budaya Dan Edukasi,Bantul
159,-7.829355,110.398315,Kompleks Masjid Mataram Kota,Jagalan,Banguntapan,DPD - Songgo Negoro,Wisata Maju,Wisata Budaya,Wisata Budaya,Wisata Budaya Dan Edukasi,Bantul
160,-7.828408,110.396533,Langgar Dhuwur,Jagalan,Banguntapan,DPD - Songgo Negoro,Wisata Potensial,Wisata Budaya,Wisata Budaya,Wisata Budaya Dan Edukasi,Bantul
161,-7.838871,110.338146,Lingga Yoni Sembungan,Bangunjiwo,Kasihan,DPD - Songgo Negoro,Wisata Potensial,Wisata Budaya,Wisata Budaya,Wisata Budaya Dan Edukasi,Bantul
162,-7.8296407,110.398041,Makam Raja-Raja Mataram Di Kotagede,Jagalan,Banguntapan,DPD - Songgo Negoro,Wisata Maju,Wisata Budaya,Wisata Budaya,Wisata Budaya Dan Edukasi,Bantul
163,-7.916588,110.406349,Makam Sunan Cirebon,Wukirsari,Imogiri,DPD - Songgo Langit,Wisata Maju,Wisata Budaya,Wisata Budaya,Wisata Budaya Dan Edukasi,Bantul
164,-7.916588,110.406349,Masjid Giriloyo,Wukirsari,Imogiri,DPD - Songgo Langit,Wisata Maju,Wisata Budaya,Wisata Budaya,Wisata Budaya Dan Edukasi,Bantul
165,-7.920412,110.39581,Masjid Kagungan Dalem Imogiri,Wukirsari,Imogiri,DPD - Songgo Langit,Wisata Maju,Wisata Budaya,Wisata Budaya,Wisata Budaya Dan Edukasi,Bantul
166,-7.864827,110.405925,Masjid Kauman Pleret,Pleret,Pleret,DPD - Songgo Langit,Wisata Maju,Wisata Budaya,Wisata Budaya,Wisata Budaya Dan Edukasi,Bantul
167,-7.798609,110.399429,Masjid Pathok Negara Babadan,Banguntapan,Banguntapan,DPD - Songgo Negoro,Wisata Maju,Wisata Budaya,Wisata Budaya,Wisata Budaya Dan Edukasi,Bantul
168,-7.823528,110.350882,Masjid Pathok Negara Dongkelan,Tirtonirmolo,Kasihan,DPD - Songgo Negoro,Wisata Maju,Wisata Budaya,Wisata Budaya,Wisata Budaya Dan Edukasi,Bantul
169,-7.875099,110.394581,Masjid Wonokromo,Wonokromo,Pleret,DPD - Songgo Langit,Wisata Maju,Wisata Budaya,Wisata Budaya,Wisata Budaya Dan Edukasi,Bantul
170,-7.933077,110.441487,Mebel Kayu,Jatimulyo,Dlingo,DPD - Songgo Langit,Wisata Berkembang,Wisata Budaya,Wisata Budaya,Wisata Budaya Dan Edukasi,Bantul
171,-7.88044184,110.4113578,Monumen Soeharto Segoroyoso,Segoroyoso,Pleret,DPD - Songgo Langit,Wisata Berkembang,Wisata Buatan,Wisata Buatan,Wisata Budaya Dan Edukasi,Bantul
172,-7.840837,110.376469,Monumen TNI AU /Perjuangan (Sewon),Bangunharjo,Sewon,DPD - Songgo Negoro,Wisata Maju,Wisata Buatan,Wisata Buatan,Wisata Budaya Dan Edukasi,Bantul
173,-7.789979,110.415666,Museum Dirgantara Mandala,Banguntapan,Banguntapan,DPD - Songgo Negoro,Wisata Maju,Wisata Buatan,Wisata Buatan,Wisata Budaya Dan Edukasi,Bantul
174,-7.843946,110.36222,Museum History of Java,Bangunharjo,Sewon,DPD - Songgo Negoro,Wisata Maju,Wisata Buatan,Wisata Buatan,Wisata Budaya Dan Edukasi,Bantul
175,-7.791288,110.280458,Museum Jendral Besar HM. Soeharto,Argomulyo,Sedayu,DPD - Pangeran Diponegoro,Wisata Maju,Wisata Buatan,Wisata Buatan,Wisata Budaya Dan Edukasi,Bantul
176,-7.859623,110.409262,Museum Padepokan Sumber Karahayon,Jambidan,Banguntapan,DPD - Songgo Negoro,Wisata Berkembang,Wisata Buatan,Wisata Buatan,Wisata Budaya Dan Edukasi,Bantul
177,-8.009526,110.302147,Museum Parangtritis Geomaritime Science,Parangtritis,Kretek,DPD - Segoro Kidul,Wisata Maju,Wisata Buatan,Wisata Buatan,Wisata Budaya Dan Edukasi,Bantul
178,-7.868718,110.405323,Museum Purbakala Pleret,Pleret,Pleret,DPD - Songgo Langit,Wisata Maju,Wisata Buatan,Wisata Buatan,Wisata Budaya Dan Edukasi,Bantul
179,-7.918991,110.319663,Museum Rumah Belanda,Palbapang,Bantul,DPD - Pancer Bumi,Wisata Maju,Wisata Buatan,Wisata Buatan,Wisata Budaya Dan Edukasi,Bantul
180,-7.9090898,110.3418447,Museum Rumah Garuda,Trirenggo,Bantul,DPD - Pancer Bumi,Wisata Berkembang,Wisata Buatan,Wisata Buatan,Wisata Budaya Dan Edukasi,Bantul
181,-7.806406,110.341262,Museum Sejarah UPY,Ngestiharjo,Kasihan,DPD - Songgo Negoro,Wisata Maju,Wisata Buatan,Wisata Buatan,Wisata Budaya Dan Edukasi,Bantul
182,-7.9244853,110.371544,Museum Tani Jawa,Kebon Agung,Imogiri,DPD - Songgo Langit,Wisata Maju,Wisata Buatan,Wisata Buatan,Wisata Budaya Dan Edukasi,Bantul
183,-7.870161,110.356195,Museum Tembi Rumah Budaya,Timbulharjo,Sewon,DPD - Songgo Negoro,Wisata Maju,Wisata Buatan,Wisata Buatan,Wisata Budaya Dan Edukasi,Bantul
184,-7.799561,110.344986,Museum Tino Sidin,Ngestiharjo,Kasihan,DPD - Songgo Negoro,Wisata Maju,Wisata Buatan,Wisata Buatan,Wisata Budaya Dan Edukasi,Bantul
185,-7.9247852,110.3082386,"Museum Wayang Beber ""Sekartaji""",Sumbermulyo,Bambanglipuro,DPD - Pancer Bumi,Wisata Maju,Wisata Buatan,Wisata Buatan,Wisata Budaya Dan Edukasi,Bantul
186,-7.814756,110.413028,Museum Wayang Kekayon,Baturetno,Banguntapan,DPD - Songgo Negoro,Wisata Maju,Wisata Buatan,Wisata Buatan,Wisata Budaya Dan Edukasi,Bantul
187,-7.8930304,110.3329806,Mushaf Bejen,Bantul,Bantul,DPD - Pancer Bumi,Wisata Maju,Wisata Budaya,Wisata Budaya,Wisata Budaya Dan Edukasi,Bantul
188,-7.951642,110.365034,Opak Zoo,Srihardono,Pundong,DPD - Pancer Bumi,Wisata Maju,Wisata Buatan,Wisata Buatan,Wisata Budaya Dan Edukasi,Bantul
189,-7.8276853,110.3606533,Panggung Krapyak,Panggungharjo,Sewon,DPD - Songgo Negoro,Wisata Maju,Wisata Budaya,Wisata Budaya,Wisata Budaya Dan Edukasi,Bantul
190,-7.972901,110.318074,Pasar Angkruksari,Donotirto,Kretek,DPD - Segoro Kidul,Wisata Maju,Wisata Buatan,Wisata Buatan,Wisata Budaya Dan Edukasi,Bantul
191,-7.916934,110.400068,Pasar Jolontoro,Wukirsari,Imogiri,DPD - Songgo Langit,Wisata Berkembang,Wisata Buatan,Wisata Buatan,Wisata Budaya Dan Edukasi,Bantul
192,-7.836298,110.457575,Pasar Kebon Empring,Srimulyo,Piyungan,DPD - Songgo Langit,Wisata Maju,Wisata Buatan,Wisata Buatan,Wisata Budaya Dan Edukasi,Bantul
193,-7.987643,110.267393,Pasar Opo,Gadingharjo,Sanden,DPD - Segoro Kidul,Wisata Berkembang,Wisata Buatan,Wisata Buatan,Wisata Budaya Dan Edukasi,Bantul
194,-7.876761,110.349959,Pasar Seni Gabusan,Timbulharjo,Sewon,DPD - Songgo Negoro,Wisata Maju,Wisata Buatan,Wisata Buatan,Wisata Budaya Dan Edukasi,Bantul
195,-7.919874,110.407379,Pasar Tradisional Sor Jati,Wukirsari,Imogiri,DPD - Songgo Langit,Wisata Berkembang,Wisata Buatan,Wisata Buatan,Wisata Budaya Dan Edukasi,Bantul
196,-7.813533,110.335666,Petilasan Ambarbinangun,Tirtonirmolo,Kasihan,DPD - Songgo Negoro,Wisata Maju,Wisata Budaya,Wisata Budaya,Wisata Budaya Dan Edukasi,Bantul
197,-7.803019,110.25984,Rumah Dinas Stasiun Sedayu,Argosari,Sedayu,DPD - Pangeran Diponegoro,Wisata Potensial,Wisata Budaya,Wisata Budaya,Wisata Budaya Dan Edukasi,Bantul
198,-7.935361,110.35968,Rumah Tradisional Milik Dwiningsih Sri Rahayu,Canden,Jetis,DPD - Pancer Bumi,Wisata Berkembang,Wisata Budaya,Wisata Budaya,Wisata Budaya Dan Edukasi,Bantul
199,-7.899845,110.277954,Rumah Tradisional Milik Mardi Utomo,Sendangsari,Pajangan,DPD - Pangeran Diponegoro,Wisata Potensial,Wisata Budaya,Wisata Budaya,Wisata Budaya Dan Edukasi,Bantul
200,-7.997435,110.289465,Rumah Tradisional Milik Parto Sukardjo,Tirtohargo,Kretek,DPD - Segoro Kidul,Wisata Potensial,Wisata Budaya,Wisata Budaya,Wisata Budaya Dan Edukasi,Bantul
201,-7.928818,110.38966,Rumah Tradisional Milik Sri Hartinah,Girirejo,Imogiri,DPD - Songgo Langit,Wisata Berkembang,Wisata Budaya,Wisata Budaya,Wisata Budaya Dan Edukasi,Bantul
202,-7.946223,110.426583,Selopamioro Adventure Park,Selopamioro,Imogiri,DPD - Songgo Langit,Wisata Maju,Wisata Buatan,Wisata Buatan,Wisata Budaya Dan Edukasi,Bantul
203,-7.88119511,110.310839,Sentra Batik Kain (Erisa Batik),Guwosari,Pajangan,DPD - Pangeran Diponegoro,Wisata Berkembang,Wisata Budaya,Wisata Budaya,Wisata Budaya Dan Edukasi,Bantul
204,"-7,846,718",110.344213,Sentra Industri Kerajinan Gerabah Kasongan,Bangunjiwo,Kasihan,DPD - Songgo Negoro,Wisata Maju,Wisata Budaya,Wisata Budaya,Wisata Budaya Dan Edukasi,Bantul
205,-7.851121,"110,358,429",Sentra Kerajinan Alat Peraga Edukasi,Timbulharjo,Sewon,DPD - Songgo Negoro,Wisata Potensial,Wisata Budaya,Wisata Budaya,Wisata Budaya Dan Edukasi,Bantul
206,-7.909265,110.383074,Sentra Kerajinan Anggun Rotan,Wukirsari,Imogiri,DPD - Songgo Langit,Wisata Potensial,Wisata Budaya,Wisata Budaya,Wisata Budaya Dan Edukasi,Bantul
207,-7.885292,110.425528,"Sentra Kerajinan Bambu 3, Dusun Sanan",Bawuran,Pleret,DPD - Songgo Langit,Wisata Berkembang,Wisata Budaya,Wisata Budaya,Wisata Budaya Dan Edukasi,Bantul
208,-7.809291,110.238856,Sentra Kerajinan Bambu Sangkar Burung ,Argosari,Sedayu,DPD - Pangeran Diponegoro,Wisata Maju,Wisata Budaya,Wisata Budaya,Wisata Budaya Dan Edukasi,Bantul
209,-7.905251,110.41063,Sentra Kerajinan Bambu Wukirsari,Wukirsari,Imogiri,DPD - Songgo Langit,Wisata Berkembang,Wisata Budaya,Wisata Budaya,Wisata Budaya Dan Edukasi,Bantul
210,-7.9171869,110.2832328,Sentra Kerajinan Batik Kain,Gilangharjo,Pandak,DPD - Pangeran Diponegoro,Wisata Potensial,Wisata Budaya,Wisata Budaya,Wisata Budaya Dan Edukasi,Bantul
211,-7.915949,110.398409,Sentra Kerajinan Batik Kain,Wukirsari,Imogiri,DPD - Songgo Langit,Wisata Maju,Wisata Budaya,Wisata Budaya,Wisata Budaya Dan Edukasi,Bantul
212,-7.879597,110.39098,Sentra Kerajinan Batik Nitik di Trimulyo,Trimulyo,Jetis,DPD - Pancer Bumi,Wisata Maju,Wisata Budaya,Wisata Budaya,Wisata Budaya Dan Edukasi,Bantul
213,-7.89686179,110.296126,Sentra Kerajinan Batik Tulis Pijenan,Wijirejo,Pandak,DPD - Pangeran Diponegoro,Wisata Maju,Wisata Budaya,Wisata Budaya,Wisata Budaya Dan Edukasi,Bantul
214,-7.862150,110.317520,Sentra Kerajinan Blangkon & Surjan,Guwosari,Pajangan,DPD - Pangeran Diponegoro,Wisata Potensial,Wisata Budaya,Wisata Budaya,Wisata Budaya Dan Edukasi,Bantul
215,-7.852243,110.298375,Sentra Kerajinan Blangkon & Surjan di Bangunjiwo,Bangunjiwo,Kasihan,DPD - Songgo Negoro,Wisata Berkembang,Wisata Budaya,Wisata Budaya,Wisata Budaya Dan Edukasi,Bantul
216,-7.870489,110.370171,Sentra Kerajinan Fashion Batik : Soedrajad Batik dan Tanaya Batik,Timbulharjo,Sewon,DPD - Songgo Negoro,Wisata Berkembang,Wisata Budaya,Wisata Budaya,Wisata Budaya Dan Edukasi,Bantul
217,-7.859812,110.356264,Sentra Kerajinan Gamelan Gamelan Center Karya Mandiri Wibowo,Panggungharjo,Sewon,DPD - Songgo Negoro,Wisata Berkembang,Wisata Budaya,Wisata Budaya,Wisata Budaya Dan Edukasi,Bantul
218,-7.87322,110.371055,Sentra Kerajinan Gazebo dan Lincak,Timbulharjo,Sewon,DPD - Songgo Negoro,Wisata Berkembang,Wisata Budaya,Wisata Budaya,Wisata Budaya Dan Edukasi,Bantul
219,-7.8726959,110.354241,Sentra Kerajinan Home Dekor (Reestea Shabbychic),Timbulharjo,Sewon,DPD - Songgo Negoro,Wisata Maju,Wisata Budaya,Wisata Budaya,Wisata Budaya Dan Edukasi,Bantul
220,-7.854624,110.32732,Sentra Kerajinan Kipas Bambu,Bangunjiwo,Kasihan,DPD - Songgo Negoro,Wisata Maju,Wisata Budaya,Wisata Budaya,Wisata Budaya Dan Edukasi,Bantul
221,-7.862490,110.318630,Sentra Kerajinan Kriya Keris/ Kerangka keris,Guwosari,Pajangan,DPD - Pangeran Diponegoro,Wisata Potensial,Wisata Budaya,Wisata Budaya,Wisata Budaya Dan Edukasi,Bantul
222,-7.819746,110.240108,Sentra Kerajinan Kriya Logam Argosari,Argosari,Sedayu,DPD - Pangeran Diponegoro,Wisata Potensial,Wisata Budaya,Wisata Budaya,Wisata Budaya Dan Edukasi,Bantul
223,-7.867627,110.348331,Sentra Kerajinan Kulit Ikan Pari (Pari Radja Stingray Leather),Timbulharjo,Sewon,DPD - Songgo Negoro,Wisata Berkembang,Wisata Budaya,Wisata Budaya,Wisata Budaya Dan Edukasi,Bantul
224,-7.970206,110.27503,Sentra Kerajinan Kulit Leather Mulyo,Srimulyo,Piyungan,DPD - Songgo Langit,Wisata Berkembang,Wisata Budaya,Wisata Budaya,Wisata Budaya Dan Edukasi,Bantul
225,-7.830403,110.364719,Sentra Kerajinan Lurik LAWE Indonesia,Panggungharjo,Sewon,DPD - Songgo Negoro,Wisata Maju,Wisata Budaya,Wisata Budaya,Wisata Budaya Dan Edukasi,Bantul
226,"-7,837,465","110,303,170",Sentra Kerajinan Pahat Batu Lemah Dadi,Bangunjiwo,Kasihan,DPD - Songgo Negoro,Wisata Berkembang,Wisata Budaya,Wisata Budaya,Wisata Budaya Dan Edukasi,Bantul
227,-7.863438,110.316206,Sentra Kerajinan Patung Primitif/ Asmat ,Guwosari,Pajangan,DPD - Pangeran Diponegoro,Wisata Potensial,Wisata Budaya,Wisata Budaya,Wisata Budaya Dan Edukasi,Bantul
228,-7.8273402,110.3970968,Sentra Kerajinan Perak Jagalan-Singosaren Banguntapan,Jagalan,Banguntapan,DPD - Songgo Negoro,Wisata Maju,Wisata Budaya,Wisata Budaya,Wisata Budaya Dan Edukasi,Bantul
229,-7.84343,110.301775,Sentra Kerajinan Pisau Batik Logam,Bangunjiwo,Kasihan,DPD - Songgo Negoro,Wisata Maju,Wisata Budaya,Wisata Budaya,Wisata Budaya Dan Edukasi,Bantul
230,-7.845269,110.410711,Sentra Kerajinan Potorono  Banguntapan,Potorono,Banguntapan,DPD - Songgo Negoro,Wisata Berkembang,Wisata Budaya,Wisata Budaya,Wisata Budaya Dan Edukasi,Bantul
231,-7.905251,110.41063,Sentra Kerajinan Sutera Wukirsari,Wukirsari,Imogiri,DPD - Songgo Langit,Wisata Potensial,Wisata Budaya,Wisata Budaya,Wisata Budaya Dan Edukasi,Bantul
232,-7.79891,110.345083,Sentra Kerajinan Tas Kulit dan Agel,Ngestiharjo,Kasihan,DPD - Songgo Negoro,Wisata Berkembang,Wisata Budaya,Wisata Budaya,Wisata Budaya Dan Edukasi,Bantul
233,-7.892947,110.302552,Sentra Kerajinan Tempurung Kelapa,Guwosari,Pajangan,DPD - Pangeran Diponegoro,Wisata Potensial,Wisata Budaya,Wisata Budaya,Wisata Budaya Dan Edukasi,Bantul
234,-7.872156,110.339582,Sentra Kerajinan Tempurung KelapaYanti Bathok Craft,Pendowoharjo,Sewon,DPD - Songgo Negoro,Wisata Potensial,Wisata Budaya,Wisata Budaya,Wisata Budaya Dan Edukasi,Bantul
235,-7.862300,110.321000,Sentra Kerajinan Topeng,Guwosari,Pajangan,DPD - Pangeran Diponegoro,Wisata Potensial,Wisata Budaya,Wisata Budaya,Wisata Budaya Dan Edukasi,Bantul
236,-7.839349,110.314541,Sentra Kerajinan Ukir Wayang Kulit,Bangunjiwo,Kasihan,DPD - Songgo Negoro,Wisata Berkembang,Wisata Budaya,Wisata Budaya,Wisata Budaya Dan Edukasi,Bantul
237,-7.905018,110.411849,Sentra Kerajinan Wayang Kulit/Tatah Sungging,Wukirsari,Imogiri,DPD - Songgo Langit,Wisata Maju,Wisata Budaya,Wisata Budaya,Wisata Budaya Dan Edukasi,Bantul
238,-7.824463,110.40599,Sentra Kerajinan Widodo Cengkrem,Banguntapan,Banguntapan,DPD - Songgo Negoro,Wisata Potensial,Wisata Budaya,Wisata Budaya,Wisata Budaya Dan Edukasi,Bantul
239,-7.896103,110.3504723,Sentra Kulit Manding,Sabdodadi,Bantul,DPD - Pancer Bumi,Wisata Maju,Wisata Budaya,Wisata Budaya,Wisata Budaya Dan Edukasi,Bantul
240,-7.929728,110.392343,Sentra Pembuatan Keris/ Kerangka keris,Girirejo,Imogiri,DPD - Songgo Langit,Wisata Berkembang,Wisata Budaya,Wisata Budaya,Wisata Budaya Dan Edukasi,Bantul
241,-7.8313569,110.398959,Situs Cagar Budaya Jagang Cepuri Keraton Kotagede,Jagalan,Banguntapan,DPD - Songgo Negoro,Wisata Berkembang,Wisata Budaya,Wisata Budaya,Wisata Budaya Dan Edukasi,Bantul
242,-7.992134,110.272941,Situs Gunung Wingko,Gadingharjo,Sanden,DPD - Segoro Kidul,Wisata Berkembang,Wisata Budaya,Wisata Budaya,Wisata Budaya Dan Edukasi,Bantul
243,-7.815576,110.417673,Situs Mantup,Baturetno,Banguntapan,DPD - Songgo Negoro,Wisata Maju,Wisata Budaya,Wisata Budaya,Wisata Budaya Dan Edukasi,Bantul
244,-7.833457,110.457808,Situs Payak,Sitimulyo,Piyungan,DPD - Songgo Langit,Wisata Maju,Wisata Budaya,Wisata Budaya,Wisata Budaya Dan Edukasi,Bantul
245,-7.826725,110.420539,Situs Watu Gilang Baturetno,Baturetno,Banguntapan,DPD - Songgo Negoro,Wisata Maju,Wisata Budaya,Wisata Budaya,Wisata Budaya Dan Edukasi,Bantul
246,-7.886343,110.329405,Stasiun Bantul,Bantul,Bantul,DPD - Pancer Bumi,Wisata Berkembang,Wisata Budaya,Wisata Budaya,Wisata Budaya Dan Edukasi,Bantul
247,-7.905416,110.318399,Stasiun Palbapang - Cagak Aniem Palbapang - Stoomwals,Palbapang,Bantul,DPD - Pancer Bumi,Wisata Berkembang,Wisata Budaya,Wisata Budaya,Wisata Budaya Dan Edukasi,Bantul
248,-8.020724,110.32494,Struktur Cagar Budaya Cepuri Parangkusumo dan Makam Syeh Maulana Maghribi,Parangtritis,Kretek,DPD - Segoro Kidul,Wisata Maju,Wisata Budaya,Wisata Budaya,Wisata Budaya Dan Edukasi,Bantul
249,-7.868504,110.405263,Sumur Gumuling Pleret,Pleret,Pleret,DPD - Songgo Langit,Wisata Maju,Wisata Budaya,Wisata Budaya,Wisata Budaya Dan Edukasi,Bantul
250,-7.87941,110.265044,Taman Bendungan Kamijoro,Triwidadi,Pajangan,DPD - Pangeran Diponegoro,Wisata Berkembang,Wisata Buatan,Wisata Buatan,Wisata Budaya Dan Edukasi,Bantul
251,-7.840221,110.4538,Taman Girli Srimulyo,Srimulyo,Piyungan,DPD - Songgo Langit,Wisata Berkembang,Wisata Buatan,Wisata Buatan,Wisata Budaya Dan Edukasi,Bantul
252,-7.879952,110.309874,Taman Jati Larangan,Guwosari,Pajangan,DPD - Pangeran Diponegoro,Wisata Maju,Wisata Budaya,Wisata Budaya,Wisata Budaya Dan Edukasi,Bantul
253,-7.865619,110.321952,Taman Puspagading,Bantul,Bantul,DPD - Pancer Bumi,Wisata Maju,Wisata Buatan,Wisata Buatan,Wisata Budaya Dan Edukasi,Bantul
254,-7.881873,110.33952,Taman Rekreasi Tirtotamansari,Trirenggo,Bantul,DPD - Pancer Bumi,Wisata Maju,Wisata Buatan,Wisata Buatan,Wisata Budaya Dan Edukasi,Bantul
255,-7.871514,110.397354,Umpak Kerto Lemah Dhuwur,Pleret,Pleret,DPD - Songgo Langit,Wisata Berkembang,Wisata Budaya,Wisata Budaya,Wisata Budaya Dan Edukasi,Bantul
127.5,,,,,,,,,,,